{
  "status": "FAIL",
  "checks": [
    {
      "name": ".dockerignore",
      "status": "FAIL",
      "desc": "Falta .dockerignore"
    },
    {
      "name": "Dockerfile",
      "status": "OK",
      "desc": "Existe Dockerfile"
    },
    {
      "name": ".nvmrc",
      "status": "FAIL",
      "desc": "Falta .nvmrc"
    },
    {
      "name": "vercel.json",
      "status": "FAIL",
      "desc": "Falta vercel.json"
    },
    {
      "name": "supabase/config.toml",
      "status": "OK",
      "desc": "Existe supabase/config.toml"
    },
    {
      "name": ".env.example",
      "status": "OK",
      "desc": "Existe .env.example"
    },
    {
      "name": "turbo.json",
      "status": "OK",
      "desc": "Existe turbo.json"
    }
  ],
  "timestamp": "2025-06-26T03:44:28.184Z"
}