{
  "generated_at": "2025-07-01T02:09:41.769Z",
  "summary": {
    "total_files": 485,
    "declared_files": 368,
    "orphaned_files": 0,
    "coverage_percentage": 76,
    "modules_with_header": 18,
    "modules_without_header": 0,
    "routes_without_docs": 154,
    "tests_without_association": 0
  },
  "orphaned_files": [],
  "modules_without_header": [],
  "routes_without_docs": [
    "/",
    "/:id",
    "/",
    "/:id",
    "/:id",
    "/jobs",
    "/jobs",
    "/jobs/:id/pause",
    "/jobs/:id/resume",
    "/jobs/:id",
    "/agents/:name/run",
    "/email",
    "/usage",
    "/event",
    "/me",
    "/",
    "/:id",
    "/",
    "/:id",
    "/:id",
    "/event",
    "/prompt",
    "/register",
    "/",
    "/error-test",
    "/unexpected-error-test",
    "/protected",
    "/",
    "/",
    "/:id",
    "/invoices",
    "/invoices/:id",
    "/invoices",
    "/invoices/:id",
    "/invoices/:id",
    "/signup",
    "/signin",
    "/",
    "/:id",
    "/",
    "/:id",
    "/:id",
    "/me",
    "/",
    "/:id",
    "/",
    "/:id",
    "/:id",
    "/",
    "/:id",
    "/",
    "/:id",
    "/:id",
    "/jobs",
    "/jobs",
    "/jobs/:id/pause",
    "/jobs/:id/resume",
    "/jobs/:id",
    "/agents/:name/run",
    "/email",
    "/usage",
    "/event",
    "/me",
    "/",
    "/:id",
    "/",
    "/:id",
    "/:id",
    "/event",
    "/prompt",
    "/register",
    "/",
    "/error-test",
    "/unexpected-error-test",
    "/protected",
    "/",
    "/",
    "/:id",
    "/invoices",
    "/invoices/:id",
    "/invoices",
    "/invoices/:id",
    "/invoices/:id",
    "/signup",
    "/signin",
    "/",
    "/:id",
    "/",
    "/:id",
    "/:id",
    "/",
    "/:id",
    "/",
    "/:id",
    "/:id",
    "/jobs",
    "/jobs",
    "/jobs/:id/pause",
    "/jobs/:id/resume",
    "/jobs/:id",
    "/agents/:name/run",
    "/email",
    "/usage",
    "/event",
    "/me",
    "/",
    "/:id",
    "/",
    "/:id",
    "/:id",
    "/event",
    "/prompt",
    "/register",
    "/",
    "/error-test",
    "/unexpected-error-test",
    "/protected",
    "/",
    "/",
    "/:id",
    "/invoices",
    "/invoices/:id",
    "/invoices",
    "/invoices/:id",
    "/invoices/:id",
    "/signup",
    "/signin",
    "/",
    "/:id",
    "/",
    "/:id",
    "/:id",
    "/",
    "/:id",
    "/",
    "/:id",
    "/:id",
    "/me",
    "/",
    "/:id",
    "/",
    "/:id",
    "/:id",
    "/",
    "/error-test",
    "/unexpected-error-test",
    "/protected",
    "/signup",
    "/signin",
    "/",
    "/:id",
    "/",
    "/:id",
    "/:id"
  ],
  "tests_without_association": [],
  "module_coverage": {
    "WEB_PUBLIC": {
      "files": 20,
      "declared": 20,
      "orphaned": 0,
      "coverage": 100
    },
    "UI_FULL": {
      "files": 21,
      "declared": 21,
      "orphaned": 0,
      "coverage": 100
    },
    "TESTS": {
      "files": 66,
      "declared": 66,
      "orphaned": 0,
      "coverage": 100
    },
    "SAAS_MATRIX": {
      "files": 1,
      "declared": 1,
      "orphaned": 0,
      "coverage": 100
    },
    "RUNTIME_DEFENSE": {
      "files": 20,
      "declared": 20,
      "orphaned": 0,
      "coverage": 100
    },
    "PRICING": {
      "files": 0,
      "declared": 0,
      "orphaned": 0,
      "coverage": 0
    },
    "MULTI_TENANCY": {
      "files": 0,
      "declared": 0,
      "orphaned": 0,
      "coverage": 0
    },
    "LAUNCHBOARD": {
      "files": 0,
      "declared": 0,
      "orphaned": 0,
      "coverage": 0
    },
    "EMAIL_CAMPAIGNS": {
      "files": 0,
      "declared": 0,
      "orphaned": 0,
      "coverage": 0
    },
    "DEV": {
      "files": 29,
      "declared": 29,
      "orphaned": 0,
      "coverage": 100
    },
    "COPILOT": {
      "files": 34,
      "declared": 34,
      "orphaned": 0,
      "coverage": 100
    },
    "CAMPAIGNS": {
      "files": 9,
      "declared": 9,
      "orphaned": 0,
      "coverage": 100
    },
    "BILLING": {
      "files": 18,
      "declared": 18,
      "orphaned": 0,
      "coverage": 100
    },
    "BACKEND_CORE": {
      "files": 252,
      "declared": 252,
      "orphaned": 0,
      "coverage": 100
    },
    "AUTOMATION_ENGINE": {
      "files": 0,
      "declared": 0,
      "orphaned": 0,
      "coverage": 0
    },
    "AUTH": {
      "files": 37,
      "declared": 37,
      "orphaned": 0,
      "coverage": 100
    },
    "ANALYTICS_REPORTING": {
      "files": 1,
      "declared": 1,
      "orphaned": 0,
      "coverage": 100
    },
    "ANALYTICS": {
      "files": 18,
      "declared": 18,
      "orphaned": 0,
      "coverage": 100
    }
  }
}