[
  {
    "id": "~12_CHECKLIST_MAESTRO.md::1. ~1_BACKEND_ROADMAP.md::Crear carpeta `/backend/` con estructura clara: `/routes`, `/middleware`, `/services`, `/tests`",
    "file": "~12_CHECKLIST_MAESTRO.md",
    "section": "1. ~1_BACKEND_ROADMAP.md",
    "feature": "Crear carpeta `/backend/` con estructura clara: `/routes`, `/middleware`, `/services`, `/tests`",
    "statusDeclared": "✅"
  },
  {
    "id": "~12_CHECKLIST_MAESTRO.md::1. ~1_BACKEND_ROADMAP.md::Estructura pendiente: `/lib`, `/validators`, `/types`",
    "file": "~12_CHECKLIST_MAESTRO.md",
    "section": "1. ~1_BACKEND_ROADMAP.md",
    "feature": "Estructura pendiente: `/lib`, `/validators`, `/types`",
    "statusDeclared": "⬜️"
  },
  {
    "id": "~12_CHECKLIST_MAESTRO.md::1. ~1_BACKEND_ROADMAP.md::Inicializar `tsconfig.json` estricto y `vitest.config.ts`",
    "file": "~12_CHECKLIST_MAESTRO.md",
    "section": "1. ~1_BACKEND_ROADMAP.md",
    "feature": "Inicializar `tsconfig.json` estricto y `vitest.config.ts`",
    "statusDeclared": "✅"
  },
  {
    "id": "~12_CHECKLIST_MAESTRO.md::1. ~1_BACKEND_ROADMAP.md::Instalar dependencias críticas: `zod`, `vitest`, `supertest`, `@supabase/supabase-js`, `stripe`, `resend`, `openai`, `dotenv`, etc.",
    "file": "~12_CHECKLIST_MAESTRO.md",
    "section": "1. ~1_BACKEND_ROADMAP.md",
    "feature": "Instalar dependencias críticas: `zod`, `vitest`, `supertest`, `@supabase/supabase-js`, `stripe`, `resend`, `openai`, `dotenv`, etc.",
    "statusDeclared": "✅"
  },
  {
    "id": "~12_CHECKLIST_MAESTRO.md::1. ~1_BACKEND_ROADMAP.md::Crear router.ts central y modularidad avanzada",
    "file": "~12_CHECKLIST_MAESTRO.md",
    "section": "1. ~1_BACKEND_ROADMAP.md",
    "feature": "Crear router.ts central y modularidad avanzada",
    "statusDeclared": "⬜️"
  },
  {
    "id": "~12_CHECKLIST_MAESTRO.md::1. ~1_BACKEND_ROADMAP.md::Rutas y middleware básico iniciado",
    "file": "~12_CHECKLIST_MAESTRO.md",
    "section": "1. ~1_BACKEND_ROADMAP.md",
    "feature": "Rutas y middleware básico iniciado",
    "statusDeclared": "✅"
  },
  {
    "id": "~12_CHECKLIST_MAESTRO.md::1. ~1_BACKEND_ROADMAP.md::Middleware de validación y seguridad completo (falta rateLimit, Zod en todos los inputs)",
    "file": "~12_CHECKLIST_MAESTRO.md",
    "section": "1. ~1_BACKEND_ROADMAP.md",
    "feature": "Middleware de validación y seguridad completo (falta rateLimit, Zod en todos los inputs)",
    "statusDeclared": "⬜️"
  },
  {
    "id": "~12_CHECKLIST_MAESTRO.md::1. ~1_BACKEND_ROADMAP.md::Integraciones externas (Stripe, Resend, OpenAI, PostHog) completas",
    "file": "~12_CHECKLIST_MAESTRO.md",
    "section": "1. ~1_BACKEND_ROADMAP.md",
    "feature": "Integraciones externas (Stripe, Resend, OpenAI, PostHog) completas",
    "statusDeclared": "⬜️"
  },
  {
    "id": "~12_CHECKLIST_MAESTRO.md::1. ~1_BACKEND_ROADMAP.md::Billing modular y enforcement por plan",
    "file": "~12_CHECKLIST_MAESTRO.md",
    "section": "1. ~1_BACKEND_ROADMAP.md",
    "feature": "Billing modular y enforcement por plan",
    "statusDeclared": "⬜️"
  },
  {
    "id": "~12_CHECKLIST_MAESTRO.md::1. ~1_BACKEND_ROADMAP.md::Módulos de negocio (ej: campaigns) completos",
    "file": "~12_CHECKLIST_MAESTRO.md",
    "section": "1. ~1_BACKEND_ROADMAP.md",
    "feature": "Módulos de negocio (ej: campaigns) completos",
    "statusDeclared": "⬜️"
  },
  {
    "id": "~12_CHECKLIST_MAESTRO.md::1. ~1_BACKEND_ROADMAP.md::Tests unitarios e integración iniciados",
    "file": "~12_CHECKLIST_MAESTRO.md",
    "section": "1. ~1_BACKEND_ROADMAP.md",
    "feature": "Tests unitarios e integración iniciados",
    "statusDeclared": "✅"
  },
  {
    "id": "~12_CHECKLIST_MAESTRO.md::1. ~1_BACKEND_ROADMAP.md::Fixtures de datos dummy y seeding básico implementados",
    "file": "~12_CHECKLIST_MAESTRO.md",
    "section": "1. ~1_BACKEND_ROADMAP.md",
    "feature": "Fixtures de datos dummy y seeding básico implementados",
    "statusDeclared": "✅"
  },
  {
    "id": "~12_CHECKLIST_MAESTRO.md::1. ~1_BACKEND_ROADMAP.md::Logger estructurado básico",
    "file": "~12_CHECKLIST_MAESTRO.md",
    "section": "1. ~1_BACKEND_ROADMAP.md",
    "feature": "Logger estructurado básico",
    "statusDeclared": "✅"
  },
  {
    "id": "~12_CHECKLIST_MAESTRO.md::1. ~1_BACKEND_ROADMAP.md::Logs a PostHog y bitácora de acciones clave",
    "file": "~12_CHECKLIST_MAESTRO.md",
    "section": "1. ~1_BACKEND_ROADMAP.md",
    "feature": "Logs a PostHog y bitácora de acciones clave",
    "statusDeclared": "⬜️"
  },
  {
    "id": "~12_CHECKLIST_MAESTRO.md::1. ~1_BACKEND_ROADMAP.md::CLI de validación y snapshot/rollback",
    "file": "~12_CHECKLIST_MAESTRO.md",
    "section": "1. ~1_BACKEND_ROADMAP.md",
    "feature": "CLI de validación y snapshot/rollback",
    "statusDeclared": "⬜️"
  },
  {
    "id": "~12_CHECKLIST_MAESTRO.md::1. ~1_BACKEND_ROADMAP.md::Backend 100% modularizado, validado, protegido y listo para producción",
    "file": "~12_CHECKLIST_MAESTRO.md",
    "section": "1. ~1_BACKEND_ROADMAP.md",
    "feature": "Backend 100% modularizado, validado, protegido y listo para producción",
    "statusDeclared": "⬜️"
  },
  {
    "id": "~12_CHECKLIST_MAESTRO.md::2. Frontend (Next.js/React)::Estructura base en `/frontend/` con carpetas `/components`, `/pages` o `/app`, `/hooks`, `/contexts`, `/services`, `/lib`",
    "file": "~12_CHECKLIST_MAESTRO.md",
    "section": "2. Frontend (Next.js/React)",
    "feature": "Estructura base en `/frontend/` con carpetas `/components`, `/pages` o `/app`, `/hooks`, `/contexts`, `/services`, `/lib`",
    "statusDeclared": "✅"
  },
  {
    "id": "~12_CHECKLIST_MAESTRO.md::2. Frontend (Next.js/React)::Configuración de TailwindCSS y PostCSS",
    "file": "~12_CHECKLIST_MAESTRO.md",
    "section": "2. Frontend (Next.js/React)",
    "feature": "Configuración de TailwindCSS y PostCSS",
    "statusDeclared": "✅"
  },
  {
    "id": "~12_CHECKLIST_MAESTRO.md::2. Frontend (Next.js/React)::Uso de shadcn/ui y clsx para UI",
    "file": "~12_CHECKLIST_MAESTRO.md",
    "section": "2. Frontend (Next.js/React)",
    "feature": "Uso de shadcn/ui y clsx para UI",
    "statusDeclared": "✅"
  },
  {
    "id": "~12_CHECKLIST_MAESTRO.md::2. Frontend (Next.js/React)::Integración de Context Guard y convenciones de rutas",
    "file": "~12_CHECKLIST_MAESTRO.md",
    "section": "2. Frontend (Next.js/React)",
    "feature": "Integración de Context Guard y convenciones de rutas",
    "statusDeclared": "✅"
  },
  {
    "id": "~12_CHECKLIST_MAESTRO.md::2. Frontend (Next.js/React)::Componentes UI reutilizables completos (botones, cards, inputs, etc.)",
    "file": "~12_CHECKLIST_MAESTRO.md",
    "section": "2. Frontend (Next.js/React)",
    "feature": "Componentes UI reutilizables completos (botones, cards, inputs, etc.)",
    "statusDeclared": "⬜️"
  },
  {
    "id": "~12_CHECKLIST_MAESTRO.md::2. Frontend (Next.js/React)::Tests de componentes con Testing Library",
    "file": "~12_CHECKLIST_MAESTRO.md",
    "section": "2. Frontend (Next.js/React)",
    "feature": "Tests de componentes con Testing Library",
    "statusDeclared": "⬜️"
  },
  {
    "id": "~12_CHECKLIST_MAESTRO.md::2. Frontend (Next.js/React)::Tests E2E con Playwright para flujos críticos",
    "file": "~12_CHECKLIST_MAESTRO.md",
    "section": "2. Frontend (Next.js/React)",
    "feature": "Tests E2E con Playwright para flujos críticos",
    "statusDeclared": "⬜️"
  },
  {
    "id": "~12_CHECKLIST_MAESTRO.md::2. Frontend (Next.js/React)::Validación de accesibilidad (a11y), dark mode, loading states, fallback de errores",
    "file": "~12_CHECKLIST_MAESTRO.md",
    "section": "2. Frontend (Next.js/React)",
    "feature": "Validación de accesibilidad (a11y), dark mode, loading states, fallback de errores",
    "statusDeclared": "⬜️"
  },
  {
    "id": "~12_CHECKLIST_MAESTRO.md::2. Frontend (Next.js/React)::Integración real con API del backend (fetcher tipado, Zod/OpenAPI)",
    "file": "~12_CHECKLIST_MAESTRO.md",
    "section": "2. Frontend (Next.js/React)",
    "feature": "Integración real con API del backend (fetcher tipado, Zod/OpenAPI)",
    "statusDeclared": "⬜️"
  },
  {
    "id": "~12_CHECKLIST_MAESTRO.md::2. Frontend (Next.js/React)::Cobertura de UI y lógica ≥ 90%",
    "file": "~12_CHECKLIST_MAESTRO.md",
    "section": "2. Frontend (Next.js/React)",
    "feature": "Cobertura de UI y lógica ≥ 90%",
    "statusDeclared": "⬜️"
  },
  {
    "id": "~12_CHECKLIST_MAESTRO.md::2. Frontend (Next.js/React)::Soporte para theming y personalización visual por SaaS clonado",
    "file": "~12_CHECKLIST_MAESTRO.md",
    "section": "2. Frontend (Next.js/React)",
    "feature": "Soporte para theming y personalización visual por SaaS clonado",
    "statusDeclared": "⬜️"
  },
  {
    "id": "~12_CHECKLIST_MAESTRO.md::3. ~3_MATRIX_ROADMAP.md::Fase 0: Planificación y roadmap creado",
    "file": "~12_CHECKLIST_MAESTRO.md",
    "section": "3. ~3_MATRIX_ROADMAP.md",
    "feature": "Fase 0: Planificación y roadmap creado",
    "statusDeclared": "✅"
  },
  {
    "id": "~12_CHECKLIST_MAESTRO.md::3. ~3_MATRIX_ROADMAP.md::Middleware de autenticación implementado",
    "file": "~12_CHECKLIST_MAESTRO.md",
    "section": "3. ~3_MATRIX_ROADMAP.md",
    "feature": "Middleware de autenticación implementado",
    "statusDeclared": "✅"
  },
  {
    "id": "~12_CHECKLIST_MAESTRO.md::3. ~3_MATRIX_ROADMAP.md::Rutas protegidas y endpoint `/me` implementado",
    "file": "~12_CHECKLIST_MAESTRO.md",
    "section": "3. ~3_MATRIX_ROADMAP.md",
    "feature": "Rutas protegidas y endpoint `/me` implementado",
    "statusDeclared": "✅"
  },
  {
    "id": "~12_CHECKLIST_MAESTRO.md::3. ~3_MATRIX_ROADMAP.md::Refactor de users a profiles y tabla en Supabase",
    "file": "~12_CHECKLIST_MAESTRO.md",
    "section": "3. ~3_MATRIX_ROADMAP.md",
    "feature": "Refactor de users a profiles y tabla en Supabase",
    "statusDeclared": "✅"
  },
  {
    "id": "~12_CHECKLIST_MAESTRO.md::3. ~3_MATRIX_ROADMAP.md::Migraciones y tipos documentados y sincronizados (pendiente sólo migración de todos multiusuario)",
    "file": "~12_CHECKLIST_MAESTRO.md",
    "section": "3. ~3_MATRIX_ROADMAP.md",
    "feature": "Migraciones y tipos documentados y sincronizados (pendiente sólo migración de todos multiusuario)",
    "statusDeclared": "✅"
  },
  {
    "id": "~12_CHECKLIST_MAESTRO.md::3. ~3_MATRIX_ROADMAP.md::Script de inicialización de proyecto (init-project)",
    "file": "~12_CHECKLIST_MAESTRO.md",
    "section": "3. ~3_MATRIX_ROADMAP.md",
    "feature": "Script de inicialización de proyecto (init-project)",
    "statusDeclared": "⬜️"
  },
  {
    "id": "~12_CHECKLIST_MAESTRO.md::3. ~3_MATRIX_ROADMAP.md::Seeding de base de datos básico implementado",
    "file": "~12_CHECKLIST_MAESTRO.md",
    "section": "3. ~3_MATRIX_ROADMAP.md",
    "feature": "Seeding de base de datos básico implementado",
    "statusDeclared": "✅"
  },
  {
    "id": "~12_CHECKLIST_MAESTRO.md::3. ~3_MATRIX_ROADMAP.md::Documentación exhaustiva y plantilla README",
    "file": "~12_CHECKLIST_MAESTRO.md",
    "section": "3. ~3_MATRIX_ROADMAP.md",
    "feature": "Documentación exhaustiva y plantilla README",
    "statusDeclared": "⬜️"
  },
  {
    "id": "~12_CHECKLIST_MAESTRO.md::3. ~3_MATRIX_ROADMAP.md::Limpieza final y conversión a repo plantilla",
    "file": "~12_CHECKLIST_MAESTRO.md",
    "section": "3. ~3_MATRIX_ROADMAP.md",
    "feature": "Limpieza final y conversión a repo plantilla",
    "statusDeclared": "⬜️"
  },
  {
    "id": "~12_CHECKLIST_MAESTRO.md::4. ~4_PLAYBOOK_RULES.md::Stack y convenciones STRATO aplicadas (pnpm, tsconfig.base.json, zod, turbo, eslint, etc.)",
    "file": "~12_CHECKLIST_MAESTRO.md",
    "section": "4. ~4_PLAYBOOK_RULES.md",
    "feature": "Stack y convenciones STRATO aplicadas (pnpm, tsconfig.base.json, zod, turbo, eslint, etc.)",
    "statusDeclared": "✅"
  },
  {
    "id": "~12_CHECKLIST_MAESTRO.md::4. ~4_PLAYBOOK_RULES.md::Prohibiciones y reglas de oro respetadas (no any, no console.log, no alias rotos, etc.)",
    "file": "~12_CHECKLIST_MAESTRO.md",
    "section": "4. ~4_PLAYBOOK_RULES.md",
    "feature": "Prohibiciones y reglas de oro respetadas (no any, no console.log, no alias rotos, etc.)",
    "statusDeclared": "✅"
  },
  {
    "id": "~12_CHECKLIST_MAESTRO.md::4. ~4_PLAYBOOK_RULES.md::Validaciones de estructura y convenciones activas",
    "file": "~12_CHECKLIST_MAESTRO.md",
    "section": "4. ~4_PLAYBOOK_RULES.md",
    "feature": "Validaciones de estructura y convenciones activas",
    "statusDeclared": "✅"
  },
  {
    "id": "~12_CHECKLIST_MAESTRO.md::5. ~5_PLAYBOOK.md::Setup base blindado (estructura, tooling, CI/CD, conexiones core)",
    "file": "~12_CHECKLIST_MAESTRO.md",
    "section": "5. ~5_PLAYBOOK.md",
    "feature": "Setup base blindado (estructura, tooling, CI/CD, conexiones core)",
    "statusDeclared": "✅"
  },
  {
    "id": "~12_CHECKLIST_MAESTRO.md::5. ~5_PLAYBOOK.md::Guardias técnicos activos (pre-commit, CI/CD, runtime defense)",
    "file": "~12_CHECKLIST_MAESTRO.md",
    "section": "5. ~5_PLAYBOOK.md",
    "feature": "Guardias técnicos activos (pre-commit, CI/CD, runtime defense)",
    "statusDeclared": "✅"
  },
  {
    "id": "~12_CHECKLIST_MAESTRO.md::5. ~5_PLAYBOOK.md::Estrategia modular y clonable",
    "file": "~12_CHECKLIST_MAESTRO.md",
    "section": "5. ~5_PLAYBOOK.md",
    "feature": "Estrategia modular y clonable",
    "statusDeclared": "✅"
  },
  {
    "id": "~12_CHECKLIST_MAESTRO.md::5. ~5_PLAYBOOK.md::Flujo de desarrollo AI-assistido y validaciones",
    "file": "~12_CHECKLIST_MAESTRO.md",
    "section": "5. ~5_PLAYBOOK.md",
    "feature": "Flujo de desarrollo AI-assistido y validaciones",
    "statusDeclared": "✅"
  },
  {
    "id": "~12_CHECKLIST_MAESTRO.md::5. ~5_PLAYBOOK.md::Validaciones, reporting y alertas",
    "file": "~12_CHECKLIST_MAESTRO.md",
    "section": "5. ~5_PLAYBOOK.md",
    "feature": "Validaciones, reporting y alertas",
    "statusDeclared": "✅"
  },
  {
    "id": "~12_CHECKLIST_MAESTRO.md::5. ~5_PLAYBOOK.md::Reglas de oro para el founder",
    "file": "~12_CHECKLIST_MAESTRO.md",
    "section": "5. ~5_PLAYBOOK.md",
    "feature": "Reglas de oro para el founder",
    "statusDeclared": "✅"
  },
  {
    "id": "~12_CHECKLIST_MAESTRO.md::5. ~5_PLAYBOOK.md::Desarrollo funcional robusto completo (falta cobertura total de tests, integración avanzada)",
    "file": "~12_CHECKLIST_MAESTRO.md",
    "section": "5. ~5_PLAYBOOK.md",
    "feature": "Desarrollo funcional robusto completo (falta cobertura total de tests, integración avanzada)",
    "statusDeclared": "⬜️"
  },
  {
    "id": "~12_CHECKLIST_MAESTRO.md::5. ~5_PLAYBOOK.md::Integraciones estratégicas y AI (OpenAI, Stripe, Resend, PostHog, etc.)",
    "file": "~12_CHECKLIST_MAESTRO.md",
    "section": "5. ~5_PLAYBOOK.md",
    "feature": "Integraciones estratégicas y AI (OpenAI, Stripe, Resend, PostHog, etc.)",
    "statusDeclared": "⬜️"
  },
  {
    "id": "~12_CHECKLIST_MAESTRO.md::5. ~5_PLAYBOOK.md::Escalabilidad real y multi-SaaS (clonación, orquestador de agentes)",
    "file": "~12_CHECKLIST_MAESTRO.md",
    "section": "5. ~5_PLAYBOOK.md",
    "feature": "Escalabilidad real y multi-SaaS (clonación, orquestador de agentes)",
    "statusDeclared": "⬜️"
  },
  {
    "id": "~12_CHECKLIST_MAESTRO.md::5. ~5_PLAYBOOK.md::Comercialización y control operativo (planes, dashboard, docs públicas)",
    "file": "~12_CHECKLIST_MAESTRO.md",
    "section": "5. ~5_PLAYBOOK.md",
    "feature": "Comercialización y control operativo (planes, dashboard, docs públicas)",
    "statusDeclared": "⬜️"
  },
  {
    "id": "~12_CHECKLIST_MAESTRO.md::5. ~5_PLAYBOOK.md::Sistema modular de productos SaaS y ciclo de vida de módulos",
    "file": "~12_CHECKLIST_MAESTRO.md",
    "section": "5. ~5_PLAYBOOK.md",
    "feature": "Sistema modular de productos SaaS y ciclo de vida de módulos",
    "statusDeclared": "⬜️"
  },
  {
    "id": "~12_CHECKLIST_MAESTRO.md::6. ~6_README.cursor.md::Context Guard y reglas de estructura activas",
    "file": "~12_CHECKLIST_MAESTRO.md",
    "section": "6. ~6_README.cursor.md",
    "feature": "Context Guard y reglas de estructura activas",
    "statusDeclared": "✅"
  },
  {
    "id": "~12_CHECKLIST_MAESTRO.md::6. ~6_README.cursor.md::Ejemplo de manifiesto y uso de guardianes",
    "file": "~12_CHECKLIST_MAESTRO.md",
    "section": "6. ~6_README.cursor.md",
    "feature": "Ejemplo de manifiesto y uso de guardianes",
    "statusDeclared": "✅"
  },
  {
    "id": "~12_CHECKLIST_MAESTRO.md::6. ~6_README.cursor.md::Instrucciones claras para contribución y validación",
    "file": "~12_CHECKLIST_MAESTRO.md",
    "section": "6. ~6_README.cursor.md",
    "feature": "Instrucciones claras para contribución y validación",
    "statusDeclared": "✅"
  },
  {
    "id": "~12_CHECKLIST_MAESTRO.md::7. ~7_SAAS_MATRIX_ROADMAP.md::Módulo de AuthN/AuthZ completo",
    "file": "~12_CHECKLIST_MAESTRO.md",
    "section": "7. ~7_SAAS_MATRIX_ROADMAP.md",
    "feature": "Módulo de AuthN/AuthZ completo",
    "statusDeclared": "⬜️"
  },
  {
    "id": "~12_CHECKLIST_MAESTRO.md::7. ~7_SAAS_MATRIX_ROADMAP.md::Multi-tenancy (aislamiento de clientes y RLS) implementado en backend",
    "file": "~12_CHECKLIST_MAESTRO.md",
    "section": "7. ~7_SAAS_MATRIX_ROADMAP.md",
    "feature": "Multi-tenancy (aislamiento de clientes y RLS) implementado en backend",
    "statusDeclared": "✅"
  },
  {
    "id": "~12_CHECKLIST_MAESTRO.md::7. ~7_SAAS_MATRIX_ROADMAP.md::Billing (Stripe) integrado",
    "file": "~12_CHECKLIST_MAESTRO.md",
    "section": "7. ~7_SAAS_MATRIX_ROADMAP.md",
    "feature": "Billing (Stripe) integrado",
    "statusDeclared": "⬜️"
  },
  {
    "id": "~12_CHECKLIST_MAESTRO.md::7. ~7_SAAS_MATRIX_ROADMAP.md::UI compartida y theming",
    "file": "~12_CHECKLIST_MAESTRO.md",
    "section": "7. ~7_SAAS_MATRIX_ROADMAP.md",
    "feature": "UI compartida y theming",
    "statusDeclared": "⬜️"
  },
  {
    "id": "~12_CHECKLIST_MAESTRO.md::7. ~7_SAAS_MATRIX_ROADMAP.md::Admin dashboard",
    "file": "~12_CHECKLIST_MAESTRO.md",
    "section": "7. ~7_SAAS_MATRIX_ROADMAP.md",
    "feature": "Admin dashboard",
    "statusDeclared": "⬜️"
  },
  {
    "id": "~12_CHECKLIST_MAESTRO.md::8. ~8_SCORECARD.md::Calidad de código y cero deuda técnica (95/100)",
    "file": "~12_CHECKLIST_MAESTRO.md",
    "section": "8. ~8_SCORECARD.md",
    "feature": "Calidad de código y cero deuda técnica (95/100)",
    "statusDeclared": "✅"
  },
  {
    "id": "~12_CHECKLIST_MAESTRO.md::8. ~8_SCORECARD.md::Cobertura y calidad de tests (15/100, falta tests en frontend y lógica de negocio)",
    "file": "~12_CHECKLIST_MAESTRO.md",
    "section": "8. ~8_SCORECARD.md",
    "feature": "Cobertura y calidad de tests (15/100, falta tests en frontend y lógica de negocio)",
    "statusDeclared": "⬜️"
  },
  {
    "id": "~12_CHECKLIST_MAESTRO.md::8. ~8_SCORECARD.md::Automatización y CI/CD en la nube (60/100, falta pipeline en GitHub Actions)",
    "file": "~12_CHECKLIST_MAESTRO.md",
    "section": "8. ~8_SCORECARD.md",
    "feature": "Automatización y CI/CD en la nube (60/100, falta pipeline en GitHub Actions)",
    "statusDeclared": "⬜️"
  },
  {
    "id": "~12_CHECKLIST_MAESTRO.md::8. ~8_SCORECARD.md::Arquitectura y estructura del monorepo (100/100)",
    "file": "~12_CHECKLIST_MAESTRO.md",
    "section": "8. ~8_SCORECARD.md",
    "feature": "Arquitectura y estructura del monorepo (100/100)",
    "statusDeclared": "✅"
  },
  {
    "id": "~12_CHECKLIST_MAESTRO.md::8. ~8_SCORECARD.md::Gestión de base de datos (90/100, falta generación de tipos TS)",
    "file": "~12_CHECKLIST_MAESTRO.md",
    "section": "8. ~8_SCORECARD.md",
    "feature": "Gestión de base de datos (90/100, falta generación de tipos TS)",
    "statusDeclared": "✅"
  },
  {
    "id": "~12_CHECKLIST_MAESTRO.md::8. ~8_SCORECARD.md::Seguridad (75/100, falta auditoría de dependencias y gestión de secretos en prod)",
    "file": "~12_CHECKLIST_MAESTRO.md",
    "section": "8. ~8_SCORECARD.md",
    "feature": "Seguridad (75/100, falta auditoría de dependencias y gestión de secretos en prod)",
    "statusDeclared": "⬜️"
  },
  {
    "id": "~12_CHECKLIST_MAESTRO.md::9. ~9_STRATO_FULL_CLEAN_COVERAGE.md::Auditoría técnica completa (tsc, eslint, context-watchdog, .env)",
    "file": "~12_CHECKLIST_MAESTRO.md",
    "section": "9. ~9_STRATO_FULL_CLEAN_COVERAGE.md",
    "feature": "Auditoría técnica completa (tsc, eslint, context-watchdog, .env)",
    "statusDeclared": "⬜️"
  },
  {
    "id": "~12_CHECKLIST_MAESTRO.md::9. ~9_STRATO_FULL_CLEAN_COVERAGE.md::Tests y coverage backend y frontend ≥ 90%",
    "file": "~12_CHECKLIST_MAESTRO.md",
    "section": "9. ~9_STRATO_FULL_CLEAN_COVERAGE.md",
    "feature": "Tests y coverage backend y frontend ≥ 90%",
    "statusDeclared": "⬜️"
  },
  {
    "id": "~12_CHECKLIST_MAESTRO.md::9. ~9_STRATO_FULL_CLEAN_COVERAGE.md::Limpieza de paths, dependencias y archivos",
    "file": "~12_CHECKLIST_MAESTRO.md",
    "section": "9. ~9_STRATO_FULL_CLEAN_COVERAGE.md",
    "feature": "Limpieza de paths, dependencias y archivos",
    "statusDeclared": "⬜️"
  },
  {
    "id": "~12_CHECKLIST_MAESTRO.md::9. ~9_STRATO_FULL_CLEAN_COVERAGE.md::Blindaje técnico avanzado (manifest, hooks, validate-clean-system)",
    "file": "~12_CHECKLIST_MAESTRO.md",
    "section": "9. ~9_STRATO_FULL_CLEAN_COVERAGE.md",
    "feature": "Blindaje técnico avanzado (manifest, hooks, validate-clean-system)",
    "statusDeclared": "⬜️"
  },
  {
    "id": "~12_CHECKLIST_MAESTRO.md::9. ~9_STRATO_FULL_CLEAN_COVERAGE.md::Validación final y reporte",
    "file": "~12_CHECKLIST_MAESTRO.md",
    "section": "9. ~9_STRATO_FULL_CLEAN_COVERAGE.md",
    "feature": "Validación final y reporte",
    "statusDeclared": "⬜️"
  },
  {
    "id": "~12_CHECKLIST_MAESTRO.md::10. ~10_CHECKLIST_FULL_STRATO.md::Tests y coverage backend/frontend completos",
    "file": "~12_CHECKLIST_MAESTRO.md",
    "section": "10. ~10_CHECKLIST_FULL_STRATO.md",
    "feature": "Tests y coverage backend/frontend completos",
    "statusDeclared": "⬜️"
  },
  {
    "id": "~12_CHECKLIST_MAESTRO.md::10. ~10_CHECKLIST_FULL_STRATO.md::Implementación de módulos clave (auth, multi-tenancy, billing, UI, admin)",
    "file": "~12_CHECKLIST_MAESTRO.md",
    "section": "10. ~10_CHECKLIST_FULL_STRATO.md",
    "feature": "Implementación de módulos clave (auth, multi-tenancy, billing, UI, admin)",
    "statusDeclared": "⬜️"
  },
  {
    "id": "~12_CHECKLIST_MAESTRO.md::10. ~10_CHECKLIST_FULL_STRATO.md::Integraciones estratégicas (Supabase, Stripe, Resend, OpenAI, PostHog)",
    "file": "~12_CHECKLIST_MAESTRO.md",
    "section": "10. ~10_CHECKLIST_FULL_STRATO.md",
    "feature": "Integraciones estratégicas (Supabase, Stripe, Resend, OpenAI, PostHog)",
    "statusDeclared": "⬜️"
  },
  {
    "id": "~12_CHECKLIST_MAESTRO.md::10. ~10_CHECKLIST_FULL_STRATO.md::Clonabilidad y automatización (scripts, templates)",
    "file": "~12_CHECKLIST_MAESTRO.md",
    "section": "10. ~10_CHECKLIST_FULL_STRATO.md",
    "feature": "Clonabilidad y automatización (scripts, templates)",
    "statusDeclared": "⬜️"
  },
  {
    "id": "~12_CHECKLIST_MAESTRO.md::10. ~10_CHECKLIST_FULL_STRATO.md::Reporting, dashboard y auditoría",
    "file": "~12_CHECKLIST_MAESTRO.md",
    "section": "10. ~10_CHECKLIST_FULL_STRATO.md",
    "feature": "Reporting, dashboard y auditoría",
    "statusDeclared": "⬜️"
  },
  {
    "id": "~12_CHECKLIST_MAESTRO.md::10. ~10_CHECKLIST_FULL_STRATO.md::Documentación y scorecard actualizados",
    "file": "~12_CHECKLIST_MAESTRO.md",
    "section": "10. ~10_CHECKLIST_FULL_STRATO.md",
    "feature": "Documentación y scorecard actualizados",
    "statusDeclared": "⬜️"
  },
  {
    "id": "~12_CHECKLIST_MAESTRO.md::10. ~10_CHECKLIST_FULL_STRATO.md::Validaciones y blindaje final",
    "file": "~12_CHECKLIST_MAESTRO.md",
    "section": "10. ~10_CHECKLIST_FULL_STRATO.md",
    "feature": "Validaciones y blindaje final",
    "statusDeclared": "⬜️"
  },
  {
    "id": "~12_CHECKLIST_MAESTRO.md::11. ~11_LOCAL_WORKAROUNDS.md::Workaround temporal para tenant_id en middleware documentado",
    "file": "~12_CHECKLIST_MAESTRO.md",
    "section": "11. ~11_LOCAL_WORKAROUNDS.md",
    "feature": "Workaround temporal para tenant_id en middleware documentado",
    "statusDeclared": "✅"
  },
  {
    "id": "~12_CHECKLIST_MAESTRO.md::11. ~11_LOCAL_WORKAROUNDS.md::Pendiente de custom claims en Supabase documentado",
    "file": "~12_CHECKLIST_MAESTRO.md",
    "section": "11. ~11_LOCAL_WORKAROUNDS.md",
    "feature": "Pendiente de custom claims en Supabase documentado",
    "statusDeclared": "✅"
  },
  {
    "id": "~12_CHECKLIST_MAESTRO.md::11. ~11_LOCAL_WORKAROUNDS.md::Revisión obligatoria antes de producción documentada",
    "file": "~12_CHECKLIST_MAESTRO.md",
    "section": "11. ~11_LOCAL_WORKAROUNDS.md",
    "feature": "Revisión obligatoria antes de producción documentada",
    "statusDeclared": "✅"
  },
  {
    "id": "~12_CHECKLIST_MAESTRO.md::11. ~11_LOCAL_WORKAROUNDS.md::Workaround documentado para tests que fallan por esquema de profiles",
    "file": "~12_CHECKLIST_MAESTRO.md",
    "section": "11. ~11_LOCAL_WORKAROUNDS.md",
    "feature": "Workaround documentado para tests que fallan por esquema de profiles",
    "statusDeclared": "✅"
  },
  {
    "id": "~12_CHECKLIST_MAESTRO.md::12. SEO y SEO Avanzado::Módulo SEO con generación de sitemap automático",
    "file": "~12_CHECKLIST_MAESTRO.md",
    "section": "12. SEO y SEO Avanzado",
    "feature": "Módulo SEO con generación de sitemap automático",
    "statusDeclared": "⬜️"
  },
  {
    "id": "~12_CHECKLIST_MAESTRO.md::12. SEO y SEO Avanzado::Metatags por página y soporte para OpenGraph/Schema.org",
    "file": "~12_CHECKLIST_MAESTRO.md",
    "section": "12. SEO y SEO Avanzado",
    "feature": "Metatags por página y soporte para OpenGraph/Schema.org",
    "statusDeclared": "⬜️"
  },
  {
    "id": "~12_CHECKLIST_MAESTRO.md::12. SEO y SEO Avanzado::Soporte para blogs y landings específicas",
    "file": "~12_CHECKLIST_MAESTRO.md",
    "section": "12. SEO y SEO Avanzado",
    "feature": "Soporte para blogs y landings específicas",
    "statusDeclared": "⬜️"
  },
  {
    "id": "~12_CHECKLIST_MAESTRO.md::12. SEO y SEO Avanzado::Integración de analytics y tracking de SEO",
    "file": "~12_CHECKLIST_MAESTRO.md",
    "section": "12. SEO y SEO Avanzado",
    "feature": "Integración de analytics y tracking de SEO",
    "statusDeclared": "⬜️"
  },
  {
    "id": "~12_CHECKLIST_MAESTRO.md::12. SEO y SEO Avanzado::Automatización de assets para lanzamientos (Product Hunt, X, newsletters)",
    "file": "~12_CHECKLIST_MAESTRO.md",
    "section": "12. SEO y SEO Avanzado",
    "feature": "Automatización de assets para lanzamientos (Product Hunt, X, newsletters)",
    "statusDeclared": "⬜️"
  },
  {
    "id": "~12_CHECKLIST_MAESTRO.md::NOTA: Tests backend pendientes por error de esquema::Algunos tests de backend fallan porque la columna `email` no existe en la tabla `profiles`.",
    "file": "~12_CHECKLIST_MAESTRO.md",
    "section": "NOTA: Tests backend pendientes por error de esquema",
    "feature": "Algunos tests de backend fallan porque la columna `email` no existe en la tabla `profiles`.",
    "statusDeclared": "⬜️"
  },
  {
    "id": "~4_PLAYBOOK_RULES.md::**(BLACKLIST – 50 NO)**::Se permite Vitest en backend y frontend para unificar tooling, acelerar el desarrollo y mejorar la DX. Si surge una limitación real, se reevalúa.",
    "file": "~4_PLAYBOOK_RULES.md",
    "section": "**(BLACKLIST – 50 NO)**",
    "feature": "Se permite Vitest en backend y frontend para unificar tooling, acelerar el desarrollo y mejorar la DX. Si surge una limitación real, se reevalúa.",
    "statusDeclared": "✅"
  }
]